T铆tulo,Descripci贸n,Fecha,Fecha_a帽o,Fecha_mes,Fecha_dia,Fecha_hora,Enlace permanente,Tipo de publicaci贸n,Personas alcanzadas,Total de clics,Impresiones,Interacciones,Veces que se comparti贸,Me gusta,Comentarios,Usuarios que interact煤an,A帽o,Mes,Nombre_Mes,Mes_Y_A帽o
Actualizaci贸n de estado,No tiene descripci贸n,2023-08-08 16:08:00,2023,08,08,16:08,https://www.facebook.com/GrupoGALASH/posts/pfbid02b7M2q6PSg86kautaMwnMhncmMd46KXUappqUrwaC5FXGaEt4SL2qivzKwL8pm3FDl,Foto,37,0.0,49.0,8,0,8,0,8.0,2023,8,August,August 2023
Actualizaci贸n de estado,No tiene descripci贸n,2023-08-12 10:08:00,2023,08,12,10:08,https://www.facebook.com/GrupoGALASH/posts/pfbid021ZYoxvdp5ENVxvKcbz2XTqSxpAbGpGfwdHPWTBn5Dp95jM2Bhd724vw3jHJJsYuwl,Foto,37,1.0,47.0,9,0,9,0,9.0,2023,8,August,August 2023
Actualizaci贸n de estado,No tiene descripci贸n,2023-08-08 16:08:00,2023,08,08,16:08,https://www.facebook.com/GrupoGALASH/posts/pfbid02Suqz6gGiZ5CckspGYWwa3NgzsyTVXuRoccsgR4chCChUb63LsoRRvtmLksyWKrirl,Foto,30,0.0,38.0,9,0,9,0,9.0,2023,8,August,August 2023
Actualizaci贸n de estado,No tiene descripci贸n,2023-08-08 16:08:00,2023,08,08,16:08,https://www.facebook.com/GrupoGALASH/posts/pfbid02PJGf4XJ7ArQHxtqD1HBQmVR6FM1391cwVnsdmh91q9yi3yvBHwv4Y5KbdXMUb7Tfl,Foto,34,1.0,46.0,10,0,10,0,10.0,2023,8,August,August 2023
Actualizaci贸n de estado,No tiene descripci贸n,2023-12-04 09:12:00,2023,12,04,09:12,https://www.facebook.com/GrupoGALASH/posts/pfbid05i95kdDUhi1eg6Dnvfi4eZg4Rj3PhReCYqqfftEwtgB76kTArvrND139TZXGrzmTl,Foto,49,1.0,54.0,16,0,16,0,16.0,2023,12,December,December 2023
Actualizaci贸n de estado,No tiene descripci贸n,2023-12-04 10:12:00,2023,12,04,10:12,https://www.facebook.com/GrupoGALASH/posts/pfbid02QmtgceeWrUDyHDBByV1qH6UzJxQeGxh3DoM9dCu7Z2ktrvXiDUyNoX5XedqG9to1l,Foto,31,0.0,36.0,14,0,14,0,14.0,2023,12,December,December 2023
Actualizaci贸n de estado,No tiene descripci贸n,2023-12-04 10:12:00,2023,12,04,10:12,https://www.facebook.com/GrupoGALASH/posts/pfbid0p4Ad5f6AeZSonBN2r9d1aDLn4fy6ZVLX8kzkCCGfvxQP1YjfwoYS9vMYJPwSSdHAl,Foto,58,3.0,68.0,16,0,16,0,17.0,2023,12,December,December 2023
No tiene T铆tulo," #UPTCInforma隆Desde el Grupo de Investigaci贸n GALASH! Con satisfacci贸n, anunciamos la finalizaci贸n exitosa del curso de Machine Learning en colaboraci贸n con estudiantes de doctorado de la Universidad de Talca de Chile. 

Bajo la direcci贸n del profesor Marco Javier Suarez Baron, director del Grupo de investigaci贸n Galash y profesor en la UPTC - Universidad Pedag贸gica y Tecnol贸gica de Colombia, se culmina un viaje de aprendizaje y descubrimiento en el mundo de la inteligencia artificial. 烩烩

Queremos expresar nuestro profundo agradecimiento al Profesor Suarez Baron por su dedicaci贸n y conocimientos que han enriquecido esta experiencia educativa.

隆Felicidades a todos los estudiantes involucrados por su arduo trabajo y compromiso!  #GALASH #GALASHResearch #MachineLearning #Colaboraci贸nInternacional #xitoAcad茅mico #InteligenciaArtificial #Investigaci贸nCient铆fica #UPTC #uptcsogamoso #UPTCInforma",2023-12-04 12:12:00,2023,12,04,12:12,https://www.facebook.com/GrupoGALASH/posts/pfbid08N8Jwd2oYb4zy15cCoHUcP9CD7ThDQefh915vKWXFcwMm3P1aHJb9gCCxDe5PXgJl,Foto,31,25.0,42.0,16,0,16,0,27.0,2023,12,December,December 2023
No tiene T铆tulo," #UPTCInforma隆Desde el Grupo de Investigaci贸n GALASH! Nos complace compartir la exitosa reuni贸n en d贸nde se reunieron el director del departamento de Ingenier铆a de Sistemas y Computaci贸n Uptc - Seccional Sogamoso,el ingeniero Jairo Armando Ria帽o, el Dr. Ingeniero Marco Javier Su谩rez y el Dr. Mario Eduardo S谩nchez Puccini, director de la Universidad de los Andes !

 #GALASH #GALASHResearch #MachineLearning #Colaboraci贸nInternacional #xitoAcad茅mico  #Investigaci贸nCient铆fica #UPTC #uptcsogamoso #UPTCInforma",2023-12-04 12:12:00,2023,12,04,12:12,https://www.facebook.com/GrupoGALASH/posts/pfbid02uLVvwgajTAK8YTsX2SsEpsBk7Cs5UMjy5C5QDf27Sm9JyjkiZ86kFJsqyUqHS6mgl,Foto,82,7.0,98.0,16,0,16,0,16.0,2023,12,December,December 2023
Actualizaci贸n de estado,No tiene descripci贸n,2023-12-07 18:12:00,2023,12,07,18:12,https://www.facebook.com/GrupoGALASH/posts/pfbid02NHJCM5jorQT7TjxQjmfU7V8gGewfdvyqyJh9WZYyt2QgmTikm19RkF99ktttp8epl,Foto,70,6.0,87.0,16,0,16,0,20.0,2023,12,December,December 2023
Actualizaci贸n de estado,No tiene descripci贸n,2023-12-07 18:12:00,2023,12,07,18:12,https://www.facebook.com/GrupoGALASH/posts/pfbid0jjRLALDd7FZY7xcHGJFsvPvYba4CGiXZzs2PsdnVZD5VQ2gsXPrjcQw2XhfjKn4dl,Video,41,1.0,55.0,13,0,13,0,13.0,2023,12,December,December 2023
No tiene T铆tulo,"Curiosidades #3

Grupo de investigaci贸n GALASH
S铆guenos en nuestra redes sociales: 
Facebook: facebook.com/GrupoGALASH/
Instagram: instagram.com/grupogalash/
Twitter: twitter.com/GrupoGalash
linkedin: linkedin.com/in/galash-grupo-de-investigaci贸n

Grupo de investigaci贸n GALASH
#UPTC #uptcsogamoso #UPTCSomosTodos #investigaci贸n #IA #IAgenerativa  #investigaci贸n #computador #computadoras #GALASH #grupodeinvestigaci贸n",2023-12-11 11:12:00,2023,12,11,11:12,https://www.facebook.com/GrupoGALASH/posts/pfbid02GbNeL4Km68567ubYFVxyzaFxWPfxRAb9hUdP8iTe91he6Xqr2TpgdbA5CuLLcPBKl,Foto,69,2.0,86.0,18,1,17,0,15.0,2023,12,December,December 2023
No tiene T铆tulo,"驴Sab铆as qu茅? 4

Grupo de investigaci贸n Galash 
S铆guenos en nuestra redes sociales:
Facebook: facebook.com/GrupoGALASH/
Instagram: instagram.com/grupogalash/
Twitter: twitter.com/GrupoGalash
linkedin: linkedin.com/in/galash-grupo-de-investigaci贸n

Grupo de investigaci贸n GALASH
#UPTC #uptcsogamoso #UPTCSomosTodos #investigaci贸n #curiosidades  #IA #investigaci贸n  #data #datos #basededatos #videojuegos #programacion",2023-12-13 08:12:00,2023,12,13,08:12,https://www.facebook.com/GrupoGALASH/posts/pfbid0ybCwby4sukawqQF7C1ktA4Y3zCY1huUz5YjsaSp4owdJ52idZjejqQ6pYv5MBRzHl,Foto,45,2.0,58.0,20,1,19,0,16.0,2023,12,December,December 2023
Actualizaci贸n de estado,No tiene descripci贸n,2023-12-13 08:12:00,2023,12,13,08:12,https://www.facebook.com/GrupoGALASH/posts/pfbid02g75byY4RoHqJ8GM2HrGtV6HeHQh3fUoaBhXjXynSasm9sUKdyYBWsSZorZik2vfbl,Foto,45,1.0,53.0,15,0,15,0,16.0,2023,12,December,December 2023
Actualizaci贸n de estado,No tiene descripci贸n,2023-12-13 08:12:00,2023,12,13,08:12,https://www.facebook.com/GrupoGALASH/posts/pfbid0LCWeS9uEWJiLbnwDFK3aEZXBfWdfQYco6eVWN6MFdsZAPwrtwz884THe4TKd16r8l,Video,30,0.0,39.0,13,0,13,0,13.0,2023,12,December,December 2023
Actualizaci贸n de estado,No tiene descripci贸n,2023-12-15 13:12:00,2023,12,15,13:12,https://www.facebook.com/GrupoGALASH/posts/pfbid02N2LQuKLgfcQx5mo15bZMfCwcrstbmo3Znka3uHRk9QM6TW25mntwc9ax4jqXwVtcl,Foto,34,2.0,43.0,15,0,15,0,17.0,2023,12,December,December 2023
No tiene T铆tulo,"Curiosidades #4 

Grupo de investigaci贸n GALASH
S铆guenos en nuestra redes sociales: 
Facebook: facebook.com/GrupoGALASH/
Instagram: instagram.com/grupogalash/
Twitter: twitter.com/GrupoGalash
linkedin: linkedin.com/in/galash-grupo-de-investigaci贸n

Grupo de investigaci贸n GALASH
#UPTC #uptcsogamoso #UPTCSomosTodos #investigaci贸n #IA #IAgenerativa  #investigaci贸n #computador #computadoras #GALASH #grupodeinvestigaci贸n",2023-12-15 13:12:00,2023,12,15,13:12,https://www.facebook.com/GrupoGALASH/posts/pfbid0he63sAi1h159qSx2epBb1U3TwAL7XUHxmyM9Bv5xumFUMSmDD6NiJqDRYWC3Jxi3l,Foto,53,4.0,70.0,19,1,18,0,16.0,2023,12,December,December 2023
Actualizaci贸n de estado,No tiene descripci贸n,2023-12-18 13:12:00,2023,12,18,13:12,https://www.facebook.com/GrupoGALASH/posts/pfbid0TYYLBzm9v8d1Kmj2Q2ZN7LCZRDJkgzN3SJ8KpbYWt4f2xJXhMqLFjyShTovCfY6tl,Foto,61,1.0,71.0,15,1,14,0,15.0,2023,12,December,December 2023
No tiene T铆tulo,"驴Sab铆as qu茅? #5 

Grupo de investigaci贸n Galash 
S铆guenos en nuestra redes sociales:
Facebook: facebook.com/GrupoGALASH/
Instagram: instagram.com/grupogalash/
Twitter: twitter.com/GrupoGalash
linkedin: linkedin.com/in/galash-grupo-de-investigaci贸n

Grupo de investigaci贸n GALASH
#UPTC #uptcsogamoso #UPTCSomosTodos #investigaci贸n #curiosidades  #IA #investigaci贸n  #data #datos #basededatos #videojuegos #programacion",2023-12-18 13:12:00,2023,12,18,13:12,https://www.facebook.com/GrupoGALASH/posts/pfbid0Gaq2tGT3srtgsxiZQnue4pbqoXzwtCaWoP4QJ2iF69zTcwprRhqEkA2wuC2DLk3tl,Foto,59,4.0,81.0,20,2,18,0,16.0,2023,12,December,December 2023
Actualizaci贸n de estado,No tiene descripci贸n,2023-12-20 09:12:00,2023,12,20,09:12,https://www.facebook.com/GrupoGALASH/posts/pfbid0334b6bEG2Z1JriwtZkN9WhnxMo64hBm2xDybZdDcVruVCkwmFXjhHCqWnWh2JzepCl,Foto,67,11.0,77.0,16,1,15,0,25.0,2023,12,December,December 2023
Actualizaci贸n de estado,No tiene descripci贸n,2023-12-20 09:12:00,2023,12,20,09:12,https://www.facebook.com/GrupoGALASH/posts/pfbid02RB3XmcejfoChSpUuLcv962rHFev9KRDzsb6b8WogedkV68EPT32VmHFZnL3wPP44l,Video,39,1.0,50.0,15,0,15,0,14.0,2023,12,December,December 2023
No tiene T铆tulo,"Frases! #1

S铆guenos en nuestra redes sociales:
Facebook: facebook.com/GrupoGALASH/
Instagram: instagram.com/grupogalash/
Twitter: twitter.com/GrupoGalash
linkedin: linkedin.com/in/galash-grupo-de-investigaci贸n

Grupo de investigaci贸n GALASH
#UPTC #uptcsogamoso #UPTCSomosTodos #investigaci贸n #curiosidades #frases #investigaci贸n #piesapositivo",2023-12-20 11:12:00,2023,12,20,11:12,https://www.facebook.com/GrupoGALASH/posts/pfbid02cvQVepoXviwh6m4E1bto3sfKEo45xFDZnWpBimPC1mjJWrNS3TFMvzUo8iqTJgWTl,Foto,65,4.0,84.0,19,1,18,0,16.0,2023,12,December,December 2023
Actualizaci贸n de estado,No tiene descripci贸n,2023-12-21 11:12:00,2023,12,21,11:12,https://www.facebook.com/GrupoGALASH/posts/pfbid02UAaZ3evcr32axXxUZQEZ9fy6NkRbSjArjnbc5EemG4EGWvehjkNDWu5vk8cpih2fl,Foto,41,0.0,53.0,15,0,15,0,15.0,2023,12,December,December 2023
Actualizaci贸n de estado,No tiene descripci贸n,2023-12-22 00:12:00,2023,12,22,00:12,https://www.facebook.com/GrupoGALASH/posts/pfbid02bqPfmtKaFwsH8Wp65cK69UAC8KupwEk3WF7RhSLCK4F5ojyjLSarSrpHLESgbp25l,Video,31,0.0,44.0,14,0,14,0,13.0,2023,12,December,December 2023
Actualizaci贸n de estado,No tiene descripci贸n,2023-12-23 13:12:00,2023,12,23,13:12,https://www.facebook.com/GrupoGALASH/posts/pfbid02fDKCXUKFkUNtsmpsdhMSoq7sJuztrEiGQS8sLTYexrxcjejRHNb4NJyQuuBsZxDel,Video,25,1.0,37.0,13,0,13,0,13.0,2023,12,December,December 2023
Actualizaci贸n de estado,No tiene descripci贸n,2023-12-25 12:12:00,2023,12,25,12:12,https://www.facebook.com/GrupoGALASH/posts/pfbid0hGgYqSnBjKs5if5kBhATdqhm4c6MtcVBdyRYu6zs6E1G5r8GER3FtK7jPqbGa2dpl,Foto,37,1.0,49.0,15,0,15,0,15.0,2023,12,December,December 2023
Actualizaci贸n de estado,No tiene descripci贸n,2023-12-27 10:12:00,2023,12,27,10:12,https://www.facebook.com/GrupoGALASH/posts/pfbid02vsqKWhbUhQcyJP8fqX7o9pEVunowfyFcfxsMeeeauZNCq1T1L4neQnEMpwuiFHUvl,Foto,47,1.0,59.0,14,1,13,0,13.0,2023,12,December,December 2023
Actualizaci贸n de estado,No tiene descripci贸n,2023-12-27 10:12:00,2023,12,27,10:12,https://www.facebook.com/GrupoGALASH/posts/pfbid023Y7PxkzVmtJPSJGR3fnRgMCUgjfGi8nfa4cfbCPaXmWTrN4Ji3ijgB5qH46uhhiol,Foto,37,2.0,48.0,13,0,13,0,13.0,2023,12,December,December 2023
No tiene T铆tulo,"El grupo de investigaci贸n GALASH les desea un feliz a帽o nuevo 2024!

S铆guenos en nuestra redes sociales:
Facebook: facebook.com/GrupoGALASH/
Instagram: instagram.com/grupogalash/
Twitter: twitter.com/GrupoGalash
linkedin: linkedin.com/in/galash-grupo-de-investigaci贸n",2023-12-31 17:12:00,2023,12,31,17:12,https://www.facebook.com/GrupoGALASH/posts/pfbid0oPPzBiAB5HoTHsRcN9QUS2QFiwbhtXDowedSF5pQjEpFADq1tJGinWDnF9J4navLl,Video,45,3.0,62.0,17,2,15,0,16.0,2023,12,December,December 2023
No tiene T铆tulo,"Reto semanal #1 

Les tenemos este reto para el d铆a de hoy, d茅jenos sus respuestas en los cometarios!

Grupo de investigaci贸n Galash 
S铆guenos en nuestra redes sociales: 
Facebook: facebook.com/GrupoGALASH/
Instagram: instagram.com/grupogalash/
Twitter: twitter.com/GrupoGalash
linkedin: linkedin.com/in/galash-grupo-de-investigaci贸n

Grupo de investigaci贸n GALASH
#UPTC
#uptcsogamoso 
#UPTCSomosTodos 
#reto 
#retodeprogramaci贸n
#investigaci贸n 
#programaci贸n
#IA 
#investigaci贸n 
#computador 
#computadoras",2023-12-01 07:12:00,2023,12,01,07:12,https://www.facebook.com/GrupoGALASH/posts/pfbid02fyDZrBMko59gnVwZvPeozVaBNjkzVCYGgHGNJpDQCJVkVp9Yq8BcZ8bDQo6kwBakl,Foto,70,5.0,80.0,15,0,15,0,16.0,2023,12,December,December 2023
Actualizaci贸n de estado,No tiene descripci贸n,2023-12-04 06:12:00,2023,12,04,06:12,https://www.facebook.com/GrupoGALASH/posts/pfbid02jWKAknkWGrNKAnurawxX9ZXzqe24niy8KECbAYLb2VMhqRjQpkKnifLhUg7RZM69l,Foto,52,4.0,57.0,15,0,15,0,17.0,2023,12,December,December 2023
No tiene T铆tulo,"驴Sab铆as qu茅? #10

Grupo de investigaci贸n Galash
S铆guenos en nuestra redes sociales:
Facebook: facebook.com/GrupoGALASH/
Instagram: instagram.com/grupogalash/
Twitter: twitter.com/GrupoGalash
linkedin: linkedin.com/in/galash-grupo-de-investigaci贸n

Grupo de investigaci贸n GALASH
#UPTC #uptcsogamoso #UPTCSomosTodos #investigaci贸n #curiosidades #IA #investigaci贸n #data #datos #basededatos #videojuegos #programacion ##computaci贸n",2024-02-07 07:02:00,2024,02,07,07:02,https://www.facebook.com/GrupoGALASH/posts/pfbid02cJUa9P8nLCCH7Jf6BrsLUtTNmFJ5RLYdc38wsyKypjFM5toCvPCYZrpPiFdbpxN7l,Foto,45,0.0,66.0,19,1,18,0,15.0,2024,2,February,February 2024
No tiene T铆tulo,"Curiosidades #9

Grupo de investigaci贸n Galash
S铆guenos en nuestra redes sociales:
Facebook: facebook.com/GrupoGALASH/
Instagram: instagram.com/grupogalash/
Twitter: twitter.com/GrupoGalash
linkedin: linkedin.com/in/galash-grupo-de-investigaci贸n

Grupo de investigaci贸n GALASH
#UPTC #uptcsogamoso #UPTCSomosTodos #investigaci贸n #curiosidades #IA #investigaci贸n #data #datos #basededatos #videojuegos #programacion #computaci贸n",2024-02-12 07:02:00,2024,02,12,07:02,https://www.facebook.com/GrupoGALASH/posts/pfbid02gdDs4i1KsPQk4T2z1oA5Y273nh5wZzf4rqFm4PqoBvfDjBUtuHYDvtnsFnHcQs8kl,Foto,44,1.0,59.0,15,1,14,0,12.0,2024,2,February,February 2024
No tiene T铆tulo,"驴Sab铆as qu茅? #11

Grupo de investigaci贸n Galash
S铆guenos en nuestra redes sociales:
Facebook: facebook.com/GrupoGALASH/
Instagram: instagram.com/grupogalash/
Twitter: twitter.com/GrupoGalash
linkedin: linkedin.com/in/galash-grupo-de-investigaci贸n

Grupo de investigaci贸n GALASH
#UPTC #uptcsogamoso #UPTCSomosTodos #investigaci贸n #curiosidades #IA #investigaci贸n #data #datos #basededatos #videojuegos #programacion #computaci贸n",2024-02-14 07:02:00,2024,02,14,07:02,https://www.facebook.com/GrupoGALASH/posts/pfbid02LjdrVvjwW6pLpV19yL41JVdJ123SJhMQguvACvEogpPu8cSzGeYsGC6TUFuwmbdrl,Foto,35,1.0,50.0,15,1,14,0,13.0,2024,2,February,February 2024
No tiene T铆tulo,"Frases! 

S铆guenos en nuestra redes sociales:
Facebook: facebook.com/GrupoGALASH/
Instagram: instagram.com/grupogalash/
Twitter: twitter.com/GrupoGalash
linkedin: linkedin.com/in/galash-grupo-de-investigaci贸n

Grupo de investigaci贸n GALASH
#UPTC #uptcsogamoso #UPTCSomosTodos #investigaci贸n #curiosidades #frases #investigaci贸n #piesapositivo #Innovaci贸nTecnol贸gica ",2024-02-16 07:02:00,2024,02,16,07:02,https://www.facebook.com/GrupoGALASH/posts/pfbid02B4d92pfgU42NRtcSs8fDgTrSiLXnRCu93HdQhhdNXZ28FMVhBBQaAb1T8LB6b4Ydl,Foto,39,2.0,54.0,14,1,13,0,12.0,2024,2,February,February 2024
No tiene T铆tulo,"Curiosidades #10

Grupo de investigaci贸n Galash
S铆guenos en nuestra redes sociales:
Facebook: facebook.com/GrupoGALASH/
Instagram: instagram.com/grupogalash/
Twitter: twitter.com/GrupoGalash
linkedin: linkedin.com/in/galash-grupo-de-investigaci贸n

Grupo de investigaci贸n GALASH
#UPTC #uptcsogamoso #UPTCSomosTodos #investigaci贸n #curiosidades #IA #investigaci贸n #data #datos #basededatos #videojuegos #programacion #computaci贸n",2024-02-19 07:02:00,2024,02,19,07:02,https://www.facebook.com/GrupoGALASH/posts/pfbid0268AYVzMjWekGckG5T5j8jEooxCz8vEDS89ZAT5bqWsmfR9ZjdCeuMa2gz3ZzB7PMl,Foto,43,1.0,54.0,14,1,13,0,12.0,2024,2,February,February 2024
Actualizaci贸n de estado,No tiene descripci贸n,2024-02-19 21:02:00,2024,02,19,21:02,https://www.facebook.com/GrupoGALASH/posts/pfbid02qN4oE46GbCePotJNKV18XKzSNapmxncrGipusF7dJvvGGQyzkfJnd8yEYtc8Kcb4l,Video,29,0.0,34.0,11,0,11,0,11.0,2024,2,February,February 2024
Actualizaci贸n de estado,No tiene descripci贸n,2024-02-19 21:02:00,2024,02,19,21:02,https://www.facebook.com/GrupoGALASH/posts/pfbid0yK3TWjj8frsFhkma2JYHRZM7LT8DoMX6zfZ5qsAJyNDdu83z4pnUxioEasFZHugvl,Video,21,0.0,27.0,11,0,11,0,11.0,2024,2,February,February 2024
No tiene T铆tulo,"El grupo de investigaci贸n GALASH los invita a participar en esta convocatoria! 

 隆Participa en la Convocatoria para realizar un intercambio acad茅mico a nivel nacional o internacional y vive una experiencia inolvidable! 

 Apertura: 19 de febrero de 2024
 Cierre: 05 de abril de 2024

 Programas que pueden participar: TODOS LOS PROGRAMAS DE PREGRADO DE LA UNIVERSIDAD

 50 becas disponibles
 驴C贸mo participar?

Revisa los requisitos en el portal oficial de la universidad.
Completa el formulario de solicitud antes del 05 de abril de 2024.
Prep谩rate para vivir una experiencia enriquecedora que marcar谩 tu trayectoria acad茅mica y personal.

隆No dejes pasar esta oportunidad 煤nica de expandir tus horizontes acad茅micos y culturales! 

Para m谩s informaci贸n: 
https://www.uptc.edu.co/sitio/portal/sitios/universidad/rectoria/relinter/convoc/conv_sal/index.html?fbclid=IwAR3MKFL8X5Wua1OFJaNS7IVMxPSK0FmH9I3w_U1-kPDoaxI5ootLM1y2q60",2024-02-20 14:02:00,2024,02,20,14:02,https://www.facebook.com/GrupoGALASH/posts/pfbid02FSD7uRAN982hPRrf7vP1JxaE2KggVjcZEBozQLGgvNj81b2r4uFnhSQ5dxMUwPepl,Foto,40,2.0,53.0,11,0,11,0,12.0,2024,2,February,February 2024
No tiene T铆tulo,"驴Sab铆as qu茅? #12

Grupo de investigaci贸n Galash
S铆guenos en nuestra redes sociales:
Facebook: facebook.com/GrupoGALASH/
Instagram: instagram.com/grupogalash/
Twitter: twitter.com/GrupoGalash
linkedin: linkedin.com/in/galash-grupo-de-investigaci贸n

Grupo de investigaci贸n GALASH
#UPTC #uptcsogamoso #UPTCSomosTodos #investigaci贸n #curiosidades #IA #investigaci贸n #data #datos #basededatos #videojuegos #programacion #computaci贸n",2024-02-21 07:02:00,2024,02,21,07:02,https://www.facebook.com/GrupoGALASH/posts/pfbid0KzptUU9MAssew5p4rTH9VJVmp5Y9GNLzGkUYJpsJRob6V94H6VjxuBKjfkxPAJHSl,Foto,42,1.0,56.0,15,1,14,0,11.0,2024,2,February,February 2024
Actualizaci贸n de estado,No tiene descripci贸n,2024-02-24 14:02:00,2024,02,24,14:02,https://www.facebook.com/GrupoGALASH/posts/pfbid02RApqZyW5yMtHGdugvBVwycRV7TNcFJEn5YTfvVSqXk48aNx9tugj88W8Ez9ZQxS9l,Foto,32,0.0,37.0,11,1,10,0,10.0,2024,2,February,February 2024
No tiene T铆tulo,"Curiosidades #11

Grupo de investigaci贸n Galash
S铆guenos en nuestra redes sociales:
Facebook: facebook.com/GrupoGALASH/
Instagram: instagram.com/grupogalash/
Twitter: twitter.com/GrupoGalash
linkedin: linkedin.com/in/galash-grupo-de-investigaci贸n

Grupo de investigaci贸n GALASH
#UPTC #uptcsogamoso #UPTCSomosTodos #investigaci贸n #curiosidades #IA #investigaci贸n #data #datos #basededatos #videojuegos #programacion #computaci贸n",2024-02-26 07:02:00,2024,02,26,07:02,https://www.facebook.com/GrupoGALASH/posts/pfbid03k1riqWzZNtixkgfDYsJHUm8M11ALNDU7Co7juEaWoxWX86Lv76H8PcsnBxUtxmZl,Foto,41,3.0,50.0,13,1,12,0,12.0,2024,2,February,February 2024
No tiene T铆tulo,"Frases! 

S铆guenos en nuestra redes sociales:
Facebook: facebook.com/GrupoGALASH/
Instagram: instagram.com/grupogalash/
Twitter: twitter.com/GrupoGalash
linkedin: linkedin.com/in/galash-grupo-de-investigaci贸n

Grupo de investigaci贸n GALASH
#UPTC #uptcsogamoso #UPTCSomosTodos #investigaci贸n #curiosidades #frases #investigaci贸n #piesapositivo #Innovaci贸nTecnol贸gica ",2024-02-02 07:02:00,2024,02,02,07:02,https://www.facebook.com/GrupoGALASH/posts/pfbid0GjTQh3S9NsNnLSgbzRQuYZfkbxPrkCMH6Qvd4DWpWmL2Es4mmDoALerjceUAM1Yzl,Foto,55,0.0,74.0,15,1,14,0,14.0,2024,2,February,February 2024
No tiene T铆tulo,"Curiosidades #8

Grupo de investigaci贸n Galash
S铆guenos en nuestra redes sociales:
Facebook: facebook.com/GrupoGALASH/
Instagram: instagram.com/grupogalash/
Twitter: twitter.com/GrupoGalash
linkedin: linkedin.com/in/galash-grupo-de-investigaci贸n

Grupo de investigaci贸n GALASH
#UPTC #uptcsogamoso #UPTCSomosTodos #investigaci贸n #curiosidades #IA #investigaci贸n #data #datos #basededatos #videojuegos #programacion ##computaci贸n",2024-02-05 07:02:00,2024,02,05,07:02,https://www.facebook.com/GrupoGALASH/posts/pfbid0347CbUwn3dxiWvAoEo58eB8NMDmgTafsC9npniGZNRMLmVZYizzcFm7k1GwYEwc2kl,Foto,54,1.0,80.0,18,1,17,0,14.0,2024,2,February,February 2024
No tiene T铆tulo,"Frases! 

S铆guenos en nuestra redes sociales:
Facebook: facebook.com/GrupoGALASH/
Instagram: instagram.com/grupogalash/
Twitter: twitter.com/GrupoGalash
linkedin: linkedin.com/in/galash-grupo-de-investigaci贸n

Grupo de investigaci贸n GALASH
#UPTC #uptcsogamoso #UPTCSomosTodos #investigaci贸n #curiosidades #frases #investigaci贸n #piesapositivo #Innovaci贸nTecnol贸gica ",2024-01-08 05:01:00,2024,01,08,05:01,https://www.facebook.com/GrupoGALASH/posts/pfbid02rMHupFaB4FUBXQQoRhnseVDziXXK3XjNYnsHo2cmYXXxx9LrEvpHfRUFn37t8Bmwl,Foto,57,2.0,75.0,18,1,17,0,14.0,2024,1,January,January 2024
No tiene T铆tulo,"驴Sab铆as qu茅? #6

Grupo de investigaci贸n Galash
S铆guenos en nuestra redes sociales:
Facebook: facebook.com/GrupoGALASH/
Instagram: instagram.com/grupogalash/
Twitter: twitter.com/GrupoGalash
linkedin: linkedin.com/in/galash-grupo-de-investigaci贸n

Grupo de investigaci贸n GALASH
#UPTC #uptcsogamoso #UPTCSomosTodos #investigaci贸n #curiosidades #IA #investigaci贸n #data #datos #basededatos #videojuegos #programacion ##computaci贸n Ver menos",2024-01-10 06:01:00,2024,01,10,06:01,https://www.facebook.com/GrupoGALASH/posts/pfbid02ZjJ5EYAeBJJLphRb6E8BFtkT7EagKgBSrZoRc3qUJsyyysbrSWNBjPnjbaJWQ9kNl,Foto,57,3.0,71.0,15,1,14,0,14.0,2024,1,January,January 2024
Actualizaci贸n de estado,No tiene descripci贸n,2024-01-10 09:01:00,2024,01,10,09:01,https://www.facebook.com/GrupoGALASH/posts/pfbid02wfGKKmvd4XHPuULDamPGyv8vz1e88DfJXV3wnFVEQop2gkdnaFQogmZU8DyUvragl,Foto,67,4.0,80.0,15,1,13,1,15.0,2024,1,January,January 2024
Fotos de la biograf铆a,No tiene descripci贸n,2024-01-14 09:01:00,2024,01,14,09:01,https://www.facebook.com/GrupoGALASH/posts/pfbid08i7SZUWTbc9SXfFPBxoa4un8HLFDaukvCgbaywZNL67BSMYYqS1fWjrAPsXDwtW8l,Foto,60,0.0,71.0,17,2,15,0,13.0,2024,1,January,January 2024
No tiene T铆tulo,"Curiosidades #5

Grupo de investigaci贸n Galash
S铆guenos en nuestra redes sociales:
Facebook: facebook.com/GrupoGALASH/
Instagram: instagram.com/grupogalash/
Twitter: twitter.com/GrupoGalash
linkedin: linkedin.com/in/galash-grupo-de-investigaci贸n

Grupo de investigaci贸n GALASH
#UPTC #uptcsogamoso #UPTCSomosTodos #investigaci贸n #curiosidades #IA #investigaci贸n #data #datos #basededatos #videojuegos #programacion ##computaci贸n",2024-01-15 07:01:00,2024,01,15,07:01,https://www.facebook.com/GrupoGALASH/posts/pfbid02bkUeyzzpKZUH6daKGzLd9S35MxvRmRbeGJpazGeb9sCoJD4XxhF72bcmQ6dCx1xxl,Foto,66,2.0,80.0,17,1,16,0,14.0,2024,1,January,January 2024
No tiene T铆tulo,"驴Sab铆as qu茅? #7

Grupo de investigaci贸n Galash
S铆guenos en nuestra redes sociales:
Facebook: facebook.com/GrupoGALASH/
Instagram: instagram.com/grupogalash/
Twitter: twitter.com/GrupoGalash
linkedin: linkedin.com/in/galash-grupo-de-investigaci贸n

Grupo de investigaci贸n GALASH
#UPTC #uptcsogamoso #UPTCSomosTodos #investigaci贸n #curiosidades #IA #investigaci贸n #data #datos #basededatos #videojuegos #programacion ##computaci贸n",2024-01-17 06:01:00,2024,01,17,06:01,https://www.facebook.com/GrupoGALASH/posts/pfbid021j3tGZJCqpCCxFbjftkDrq8VeCJUKAextnhZgz47baDRFveRNXCm6NPwyVpMdXmcl,Foto,62,7.0,74.0,17,1,16,0,13.0,2024,1,January,January 2024
Actualizaci贸n de estado,No tiene descripci贸n,2024-01-18 11:01:00,2024,01,18,11:01,https://www.facebook.com/GrupoGALASH/posts/pfbid0386cjeQ4UrPM42AnRndPppkCsLtj9K5Sn2DbhVy1GcDwwTGkQEroYHK6i3aR6V7dql,Foto,56,12.0,66.0,12,0,12,0,19.0,2024,1,January,January 2024
No tiene T铆tulo,"Frases! 

S铆guenos en nuestra redes sociales:
Facebook: facebook.com/GrupoGALASH/
Instagram: instagram.com/grupogalash/
Twitter: twitter.com/GrupoGalash
linkedin: linkedin.com/in/galash-grupo-de-investigaci贸n

Grupo de investigaci贸n GALASH
#UPTC #uptcsogamoso #UPTCSomosTodos #investigaci贸n #curiosidades #frases #investigaci贸n #piesapositivo #Innovaci贸nTecnol贸gica ",2024-01-19 07:01:00,2024,01,19,07:01,https://www.facebook.com/GrupoGALASH/posts/pfbid0wgU41E8Jhn18VwNcKtTWQnes5Hcry1m2TZH6A5uozEZTVKZHBjnnDhLyUHrqQbokl,Foto,97,6.0,120.0,20,2,17,1,15.0,2024,1,January,January 2024
No tiene T铆tulo,"Curiosidades #6

Grupo de investigaci贸n Galash
S铆guenos en nuestra redes sociales:
Facebook: facebook.com/GrupoGALASH/
Instagram: instagram.com/grupogalash/
Twitter: twitter.com/GrupoGalash
linkedin: linkedin.com/in/galash-grupo-de-investigaci贸n

Grupo de investigaci贸n GALASH
#UPTC #uptcsogamoso #UPTCSomosTodos #investigaci贸n #curiosidades #IA #investigaci贸n #data #datos #basededatos #videojuegos #programacion ##computaci贸n",2024-01-22 07:01:00,2024,01,22,07:01,https://www.facebook.com/GrupoGALASH/posts/pfbid0hB7WK7HgPAQ29LdkQwYqdGUhKCRKYT9wqCcCBWxLB9wrcZvBcp1FZvWXGDNuiuXel,Foto,63,2.0,71.0,15,1,14,0,11.0,2024,1,January,January 2024
Actualizaci贸n de estado," #NoticiasUPTC | Posesi贸n de la nueva nueva Directora de Investigaciones de la #UPTC 

Yolanda Torres P茅rez, docente que integra la Organizaci贸n para las Mujeres en Ciencia para el Mundo en Desarrollo, OWSD, es investigadora en 谩reas de biomec谩nica, bioingenier铆a, biomateriales y energ铆as renovables.",2024-01-23 09:01:00,2024,01,23,09:01,https://www.facebook.com/GrupoGALASH/posts/pfbid0Kf4QBnY98xfdc4uNsYqQCxy8Ari74pLwpYRM2ShDWAZ81dWD6S335G7CAziQUPeel,Video,27,2.0,35.0,12,0,12,0,12.0,2024,1,January,January 2024
Actualizaci贸n de estado,No tiene descripci贸n,2024-01-23 09:01:00,2024,01,23,09:01,https://www.facebook.com/GrupoGALASH/posts/pfbid022etdzUP6XdJkJ8v3QRh4m9UQbDgrMvsJQnjneaiGAnAHVdtyJ54YAMx3D6u9XgN3l,Foto,31,0.0,44.0,14,1,13,0,13.0,2024,1,January,January 2024
No tiene T铆tulo,"驴Sab铆as qu茅? #8

Grupo de investigaci贸n Galash
S铆guenos en nuestra redes sociales:
Facebook: facebook.com/GrupoGALASH/
Instagram: instagram.com/grupogalash/
Twitter: twitter.com/GrupoGalash
linkedin: linkedin.com/in/galash-grupo-de-investigaci贸n

Grupo de investigaci贸n GALASH
#UPTC #uptcsogamoso #UPTCSomosTodos #investigaci贸n #curiosidades #IA #investigaci贸n #data #datos #basededatos #videojuegos #programacion ##computaci贸n",2024-01-24 06:01:00,2024,01,24,06:01,https://www.facebook.com/GrupoGALASH/posts/pfbid02yw5hodXhSfPKGymRpKNiFDnFPaobiWBt2fKMdafCAN8WKd8s1EF21FTL7fWqaYe1l,Foto,63,4.0,73.0,13,0,13,0,13.0,2024,1,January,January 2024
Uptc 2.0,No tiene descripci贸n,2024-01-25 14:01:00,2024,01,25,14:01,https://www.facebook.com/GrupoGALASH/posts/pfbid0tRCw3EoygJVPYyqHC9kSvm57Njg31EDhxqVznaimLynXTJqhNB2CkiRtmAoApTKnl,Otro,29,1.0,36.0,12,0,12,0,12.0,2024,1,January,January 2024
Actualizaci贸n de estado,No tiene descripci贸n,2024-01-26 11:01:00,2024,01,26,11:01,https://www.facebook.com/GrupoGALASH/posts/pfbid06tHe4Kowr4eHkFg87PBaeVYpYst6ZCewkAKdAfyRqGWB9Fghk9AN8EDjCp2xxryml,Foto,48,4.0,57.0,11,0,11,0,14.0,2024,1,January,January 2024
No tiene T铆tulo,"Curiosidades #7

Grupo de investigaci贸n Galash
S铆guenos en nuestra redes sociales:
Facebook: facebook.com/GrupoGALASH/
Instagram: instagram.com/grupogalash/
Twitter: twitter.com/GrupoGalash
linkedin: linkedin.com/in/galash-grupo-de-investigaci贸n

Grupo de investigaci贸n GALASH
#UPTC #uptcsogamoso #UPTCSomosTodos #investigaci贸n #curiosidades #IA #investigaci贸n #data #datos #basededatos #videojuegos #programacion ##computaci贸n",2024-01-29 07:01:00,2024,01,29,07:01,https://www.facebook.com/GrupoGALASH/posts/pfbid02chxRSxQKvvhW66kWjbYwc8eVQDv9KQQVCGHDDJHxaoaGUVUVjKmrHCSpceU7Ah5kl,Foto,60,2.0,64.0,12,0,12,0,13.0,2024,1,January,January 2024
Actualizaci贸n de estado,No tiene descripci贸n,2024-01-30 06:01:00,2024,01,30,06:01,https://www.facebook.com/GrupoGALASH/posts/pfbid0KWm2XcpNRQRPDH2QYfjRjAyuyVoDGu41LvSLLVbJgkYbFRBUVRWg6s5ypHnVnHmul,Foto,36,2.0,44.0,13,0,13,0,14.0,2024,1,January,January 2024
No tiene T铆tulo,"驴Sab铆as qu茅? #9

Grupo de investigaci贸n Galash
S铆guenos en nuestra redes sociales:
Facebook: facebook.com/GrupoGALASH/
Instagram: instagram.com/grupogalash/
Twitter: twitter.com/GrupoGalash
linkedin: linkedin.com/in/galash-grupo-de-investigaci贸n

Grupo de investigaci贸n GALASH
#UPTC #uptcsogamoso #UPTCSomosTodos #investigaci贸n #curiosidades #IA #investigaci贸n #data #datos #basededatos #videojuegos #programacion ##computaci贸n",2024-01-31 06:01:00,2024,01,31,06:01,https://www.facebook.com/GrupoGALASH/posts/pfbid02WTNu6s3TuYE9tj15vBJrkRnGF1EUnDdMRjjrsNkRoioHjnKVaKxVd9quU9yy2vzHl,Foto,58,2.0,64.0,14,0,14,0,14.0,2024,1,January,January 2024
Actualizaci贸n de estado,"El grupo de investigaci贸n GALASH le da la bienvenida a los estudiantes de nuevo ingreso! 
Te amamos #UPTC",2024-01-31 09:01:00,2024,01,31,09:01,https://www.facebook.com/GrupoGALASH/posts/pfbid02ZsGUBLGBx2NKhUUoBNuFRBn3m28Am3Px7yi3xqSU3ypu6ta1zboasR9Z2Hgixvn1l,Foto,63,4.0,69.0,17,0,17,0,17.0,2024,1,January,January 2024
Uptc 2.0,No tiene descripci贸n,2024-01-31 10:01:00,2024,01,31,10:01,https://www.facebook.com/GrupoGALASH/posts/pfbid0fmKCbJzV369Pyf7B5dS4r2KVeLVjfAhcHFkoyqPD47owqAFpZ6ShmvSfXpaHAHrSl,Otro,53,1.0,64.0,13,0,13,0,14.0,2024,1,January,January 2024
Actualizaci贸n de estado,No tiene descripci贸n,2024-01-03 06:01:00,2024,01,03,06:01,https://www.facebook.com/GrupoGALASH/posts/pfbid02QZLFbLrS6FSTaRHBVgm712smEFDDjTfRZibZQV3pfiT2DZgNWyDtngnkHmhyTzGol,Foto,44,0.0,54.0,16,1,15,0,15.0,2024,1,January,January 2024
Actualizaci贸n de estado,No tiene descripci贸n,2024-01-07 13:01:00,2024,01,07,13:01,https://www.facebook.com/GrupoGALASH/posts/pfbid027Nnn4mFrsqCv2iUrS8EGbafbLTHNtXsVJhT4F1UuBmktHyL3vHB7yjtpL985cgYsl,Foto,40,0.0,49.0,14,1,13,0,13.0,2024,1,January,January 2024
Actualizaci贸n de estado,No tiene descripci贸n,2023-07-19 16:07:00,2023,07,19,16:07,https://www.facebook.com/GrupoGALASH/posts/pfbid0c2Xqj1qrDs8LQmiWGGzAsUh2S62agLTQW8RGPMjAkYZrMGihmRuauk6U6CpM1UzVl,Foto,23,2.0,28.0,13,0,13,0,14.0,2023,7,July,July 2023
No tiene T铆tulo,No tiene descripci贸n,2023-07-19 16:07:00,2023,07,19,16:07,https://www.facebook.com/photo.php?fbid=110539922112649&set=a.110538862112755&type=3,Foto,22,3.0,26.0,15,0,15,0,,2023,7,July,July 2023
No tiene T铆tulo,"Grupo de investigaci贸n GALASH apoyando en las actividades realizadas en el marco de la celebraci贸n de los 15 a帽os de la escuela de ingenier铆a de sistemas y computaci贸n!

Semillero SIIIS #UPTC #uptcsogamoso #investigaci贸n #uptc_seccional_sogamoso #GALASH #SIIIS #semillero_de_investigaci贸n #sogamoso",2023-07-30 09:07:00,2023,07,30,09:07,https://www.facebook.com/GrupoGALASH/posts/pfbid0azFLyub9vY8BoWMAxRooVwyCYdr2Lmfg9DWisAX3iDYnQQ7jASNFy6Auq6XLAWjkl,Foto,36,3.0,45.0,9,0,9,0,12.0,2023,7,July,July 2023
No tiene T铆tulo,"Culmino con 茅xito la marat贸n de programaci贸n en celebraci贸n de los 15 a帽os de la escuela de ingenier铆a de sistemas y computaci贸n - Grupo de investigaci贸n Galash

#UPTC #uptcsogamoso #investigaci贸n #uptc_seccional_sogamoso #GALASH #SIIIS #semillero_de_investigaci贸n #sogamoso",2023-07-30 08:07:00,2023,07,30,08:07,https://www.facebook.com/GrupoGALASH/posts/pfbid024V3U5Tz2uFpAWnPJWQCsXEdgJ4aHmoqMwR7PDSA6ZrJGVVnM8iLMGw95Z98uS8r5l,Foto,29,6.0,36.0,9,0,9,0,10.0,2023,7,July,July 2023
No tiene T铆tulo,"Celebramos los 15 a帽os de nuestro Programa de Ingenier铆a de Sistemas y Computaci贸n. - Grupo de investigaci贸n Galash

#UPTC #uptcsogamoso #investigaci贸n #uptc_seccional_sogamoso #GALASH #SIIIS #semillero_de_investigaci贸n #sogamoso",2023-07-29 13:07:00,2023,07,29,13:07,https://www.facebook.com/GrupoGALASH/posts/pfbid02Am3JxxWsAE4N38MMTj7DmAcdHF1wAqaveq1uj5bLiL7o7DPVJJtGuzxCF5qTeEeMl,Foto,31,12.0,41.0,18,1,17,0,14.0,2023,7,July,July 2023
Actualizaci贸n de estado,No tiene descripci贸n,2023-07-29 13:07:00,2023,07,29,13:07,https://www.facebook.com/GrupoGALASH/posts/pfbid0rfCoVwtUabtXPvn8dszcqvF3MJ6wzMpo54aqTCy5r8QmoMhNS7QfYCAitG2u3NSpl,Foto,28,0.0,36.0,9,0,9,0,9.0,2023,7,July,July 2023
Actualizaci贸n de estado,No tiene descripci贸n,2023-07-27 07:07:00,2023,07,27,07:07,https://www.facebook.com/GrupoGALASH/posts/pfbid0hYX1LqDWLvZqQY43hERJ1UDrExGUdKcV7e27eibaEnnLCfpyKZ1bWVkmHzMRqKzwl,Foto,33,1.0,43.0,9,0,9,0,10.0,2023,7,July,July 2023
No tiene T铆tulo,"隆Felices 15 a帽os! 
Ingenier铆a de Sistemas y Computaci贸n.
@semillero_siiis #UPTC #uptcsogamoso #investigaci贸n #uptc_seccional_sogamoso #GALASH #SIIIS #semillero_de_investigaci贸n #sogamoso",2023-07-27 07:07:00,2023,07,27,07:07,https://www.facebook.com/GrupoGALASH/posts/pfbid02REksMGfyPhdusEB7nPVuTDErFx461YDg1Z5UbH5DoPwhKNLoykN3BYwzaTyeEs8ml,Foto,42,4.0,55.0,16,1,15,0,12.0,2023,7,July,July 2023
Actualizaci贸n de estado,No tiene descripci贸n,2023-07-27 07:07:00,2023,07,27,07:07,https://www.facebook.com/GrupoGALASH/posts/pfbid04qFMNBWW5k2r4RxGLys3DZhA7TWttUEi2ogMxGCr4jB3gm5VFh8qQ8Lsfu5Rg685l,Foto,30,0.0,44.0,9,0,9,0,9.0,2023,7,July,July 2023
Actualizaci贸n de estado,No tiene descripci贸n,2023-07-27 07:07:00,2023,07,27,07:07,https://www.facebook.com/GrupoGALASH/posts/pfbid0sLC7AJL21WVAcejNXkMZBK3FyCW2YFKZ7xgRt7gNoztFabX8q1YK8Rhq6esisFsjl,Foto,26,0.0,31.0,10,0,10,0,10.0,2023,7,July,July 2023
Actualizaci贸n de estado,No tiene descripci贸n,2023-07-27 07:07:00,2023,07,27,07:07,https://www.facebook.com/GrupoGALASH/posts/pfbid0219CK2xyAtUUUMDbwN2Cc5ikYyNWJ9z25BrrFeguEqVpLKpuKdd49AeW2uY1QR2F8l,Foto,26,0.0,30.0,9,0,9,0,9.0,2023,7,July,July 2023
Actualizaci贸n de estado,No tiene descripci贸n,2023-07-21 10:07:00,2023,07,21,10:07,https://www.facebook.com/GrupoGALASH/posts/pfbid02yFDj5f3xb3sNBKgYacSFT7NnJrVxSVtAwxe8wYyS1THNW3h2oYvV9cw7ZRTcrU4Ll,Foto,27,4.0,35.0,13,0,13,0,13.0,2023,7,July,July 2023
Actualizaci贸n de estado,No tiene descripci贸n,2023-07-20 12:07:00,2023,07,20,12:07,https://www.facebook.com/GrupoGALASH/posts/pfbid024iFvqDws5FX8ZxK6W9Dn5vpLVyVYno88py3nbWNr9DJu5WQCH7vdHeW5qnVSkPJ2l,Foto,26,4.0,34.0,12,0,12,0,12.0,2023,7,July,July 2023
No tiene T铆tulo,"Dia de investigaci贸n de la UPTC seccional Sogamoso 2022
Semillero SIIIS #UPTC #uptcsogamoso #investigaci贸n #uptc_seccional_sogamoso #GALASH #SIIIS #semillero_de_investigaci贸n #sogamoso",2023-07-19 17:07:00,2023,07,19,17:07,https://www.facebook.com/GrupoGALASH/posts/pfbid0jugk9PASNvKQG3AugG6DBGHjZzphbtfqydHAccEySyu7txfZhW9nZjjtYyMgAmu7l,Foto,33,9.0,56.0,23,2,21,0,16.0,2023,7,July,July 2023
Actualizaci贸n de estado,No tiene descripci贸n,2023-07-19 16:07:00,2023,07,19,16:07,https://www.facebook.com/GrupoGALASH/posts/pfbid02omnSC2yoxa7ZvHoqWam4UaCGjHrYPSxFrZTDxed97Mz6i9F6rrC77dsfTibSKpzPl,Foto,23,1.0,30.0,12,0,12,0,12.0,2023,7,July,July 2023
Actualizaci贸n de estado,No tiene descripci贸n,2024-03-01 08:03:00,2024,03,01,08:03,https://www.facebook.com/GrupoGALASH/posts/pfbid0esDnzdyzCmJpgsHBVqoyo7XDWKQczpzV372sMe9Rj2u4ojVmjCghQk7Eh2KbKKJtl,Foto,23,2.0,33.0,13,1,12,0,13.0,2024,3,March,March 2024
Actualizaci贸n de estado,No tiene descripci贸n,2024-03-01 08:03:00,2024,03,01,08:03,https://www.facebook.com/GrupoGALASH/posts/pfbid02VhutkCfAR1dVi9pLYveTRfGBTPdkSp7uk8V5pk9YF36ZVrX6CZ9Ribq2kUQFGc4Hl,Foto,27,1.0,39.0,13,1,12,0,13.0,2024,3,March,March 2024
No tiene T铆tulo,"Curiosidades #12

Grupo de investigaci贸n Galash
S铆guenos en nuestra redes sociales:
Facebook: facebook.com/GrupoGALASH/
Instagram: instagram.com/grupogalash/
Twitter: twitter.com/GrupoGalash
linkedin: linkedin.com/in/galash-grupo-de-investigaci贸n

Grupo de investigaci贸n GALASH
#UPTC #uptcsogamoso #UPTCSomosTodos #investigaci贸n #curiosidades #IA #investigaci贸n #data #datos #basededatos #videojuegos #programacion #computaci贸n",2024-03-04 07:03:00,2024,03,04,07:03,https://www.facebook.com/GrupoGALASH/posts/pfbid02783gpe1PPQNnAgSQyRabDZBUBaGqDZQ3tGMtcgTMiLC7i3p5Vc2QcDPgwetSZoKnl,Foto,47,0.0,57.0,18,1,17,0,16.0,2024,3,March,March 2024
Actualizaci贸n de estado,No tiene descripci贸n,2024-03-06 08:03:00,2024,03,06,08:03,https://www.facebook.com/GrupoGALASH/posts/pfbid02PM11dbAUP1sYwconafTnMsLXsmth8zYbUnB8pHjz9EbRNVUV987XZ3LZc8tGVC65l,Foto,51,5.0,60.0,15,1,13,1,16.0,2024,3,March,March 2024
Actualizaci贸n de estado,No tiene descripci贸n,2024-03-06 16:03:00,2024,03,06,16:03,https://www.facebook.com/GrupoGALASH/posts/pfbid0ERTMzNNgGbtxX5cr9m799qRJR2cJ99vKzVauyTbwuLXmhHAmR8HPWCd8Keh8YuVCl,Foto,37,1.0,46.0,13,1,12,0,12.0,2024,3,March,March 2024
Actualizaci贸n de estado,No tiene descripci贸n,2024-03-07 15:03:00,2024,03,07,15:03,https://www.facebook.com/GrupoGALASH/posts/pfbid0bFRpdK8vodM6PZ7B15AERhUbuGVar7J2PMNesKQLBsvRncVb9RQhsyxfuhy7Bm9yl,Foto,48,11.0,57.0,12,1,11,0,17.0,2024,3,March,March 2024
Actualizaci贸n de estado,No tiene descripci贸n,2024-03-11 08:03:00,2024,03,11,08:03,https://www.facebook.com/GrupoGALASH/posts/pfbid032YSrwHxEKbzH4byQbiRdLks8GRC4rMPSAvgMoQM6NW4KMLjh375g6pmFg1YatWmCl,Foto,46,6.0,49.0,12,1,11,0,15.0,2024,3,March,March 2024
Actualizaci贸n de estado,No tiene descripci贸n,2024-03-11 08:03:00,2024,03,11,08:03,https://www.facebook.com/GrupoGALASH/posts/pfbid02fqa9cktRyMD8JRrGHe9CEv5JFaiYZeCr5GpoSzE937B8yNyNbycdysgaNWtrweYNl,Foto,33,3.0,39.0,12,1,11,0,12.0,2024,3,March,March 2024
Actualizaci贸n de estado,No tiene descripci贸n,2024-03-12 19:03:00,2024,03,12,19:03,https://www.facebook.com/GrupoGALASH/posts/pfbid02WgGLGn6sTJkrgpRXx5aiN1WB1oH6QTCVYVPCeLoxHxzgnbLh3QkRRsqPDZyTPCWTl,Foto,15,1.0,18.0,11,1,10,0,10.0,2024,3,March,March 2024
Actualizaci贸n de estado,No tiene descripci贸n,2024-03-12 19:03:00,2024,03,12,19:03,https://www.facebook.com/GrupoGALASH/posts/pfbid02JPtSEmxyhKVFxdKwjDN3BuZ6CCoxmiToe1QftLP68M4xLkpxg6S3SymH96RKeNCql,Foto,50,8.0,55.0,12,1,11,0,16.0,2024,3,March,March 2024
Actualizaci贸n de estado,No tiene descripci贸n,2024-03-13 05:03:00,2024,03,13,05:03,https://www.facebook.com/GrupoGALASH/posts/pfbid0eTCGn3wZxmAKr45Dnr6Mi8aTxtaWYZvjcaFQHzyBHykLkZ3dVBm67J2jg4mcCE5bl,Foto,24,1.0,26.0,11,0,11,0,12.0,2024,3,March,March 2024
Actualizaci贸n de estado,No tiene descripci贸n,2024-03-13 05:03:00,2024,03,13,05:03,https://www.facebook.com/GrupoGALASH/posts/pfbid02jGfPuTQgEBw3jhB3Qk1pyEm5VApKQnVynos6uWoNPxD7vP8716d44Kc49xVWiwPil,Foto,21,2.0,25.0,12,1,11,0,11.0,2024,3,March,March 2024
Actualizaci贸n de estado,No tiene descripci贸n,2024-03-13 05:03:00,2024,03,13,05:03,https://www.facebook.com/GrupoGALASH/posts/pfbid0ikCC8u6coZUKKYn5uGe6ZULLepUdSHZAzjPjgzHqmQVfpE8dnyCi8CXrt6t2FzuNl,Video,22,0.0,26.0,11,0,11,0,11.0,2024,3,March,March 2024
Actualizaci贸n de estado,Te amamos UPTC!,2024-03-13 19:03:00,2024,03,13,19:03,https://www.facebook.com/GrupoGALASH/posts/pfbid0Qs8nTbmrr3PdpqvzjogkdsH6KZWkkZcNxqgZDPNetYk3QHWYVNYuQMFJ4HFRyKv4l,Foto,45,3.0,52.0,12,1,11,0,14.0,2024,3,March,March 2024
Actualizaci贸n de estado,No tiene descripci贸n,2024-03-13 19:03:00,2024,03,13,19:03,https://www.facebook.com/GrupoGALASH/posts/pfbid02C3xb1DuMrsPPCvqCGtNWkq9ut1htRaWK3WAbQe7oVDU6nbcXaREF4ydn1ieAGvzZl,Video,25,2.0,32.0,13,0,13,0,13.0,2024,3,March,March 2024
Actualizaci贸n de estado,No tiene descripci贸n,2024-03-16 12:03:00,2024,03,16,12:03,https://www.facebook.com/GrupoGALASH/posts/pfbid02HYJjszxQ4NX9WhEwaLLw8QDQDCav3FUbCNrkCmQZLNp4hJqdcqXKJu1pkqUwobn5l,Foto,25,1.0,29.0,12,1,11,0,12.0,2024,3,March,March 2024
"UPTC, sexta entre las universidades p煤blicas en el ranking mundial de SCImago - Boyac谩 Sie7e D铆as",No tiene descripci贸n,2024-03-18 17:03:00,2024,03,18,17:03,https://www.facebook.com/GrupoGALASH/posts/pfbid02JVM9Nuhi7mMZGqRDQGaz519iWepQZXqrCzaM4yvSRjjfJi4FzSnDWmzM634CYwmvl,Otro,36,1.0,38.0,13,1,12,0,12.0,2024,3,March,March 2024
Actualizaci贸n de estado,No tiene descripci贸n,2024-03-18 17:03:00,2024,03,18,17:03,https://www.facebook.com/GrupoGALASH/posts/pfbid03PGMzL7pAmKNVihaa45gNdnGzc143817UNhSVSGPHeSsFkCLf9USMy1eFYSPFL7dl,Video,15,1.0,21.0,11,0,11,0,11.0,2024,3,March,March 2024
Actualizaci贸n de estado,No tiene descripci贸n,2024-03-18 17:03:00,2024,03,18,17:03,https://www.facebook.com/GrupoGALASH/posts/pfbid0KrrWxuguErwcFnjKRWtEYweBHdD74Gv9LyomYniaArFSvn76gL4qbNLRgQ9Z71ccl,Foto,20,3.0,28.0,12,1,11,0,12.0,2024,3,March,March 2024
Actualizaci贸n de estado,No tiene descripci贸n,2024-03-19 11:03:00,2024,03,19,11:03,https://www.facebook.com/GrupoGALASH/posts/pfbid02XYB5edeyZLTyTKaBCtVfmcgj24Rcz6HTfyPoqca4yhZ4qmMRw5z1HvHMpDkykRTZl,Video,17,1.0,20.0,11,0,11,0,11.0,2024,3,March,March 2024
No tiene T铆tulo,"驴Sab铆as qu茅? #13

Grupo de investigaci贸n Galash
S铆guenos en nuestra redes sociales:
Facebook: facebook.com/GrupoGALASH/
Instagram: instagram.com/grupogalash/
Twitter: twitter.com/GrupoGalash
linkedin: linkedin.com/in/galash-grupo-de-investigaci贸n

Grupo de investigaci贸n GALASH
#UPTC #uptcsogamoso #UPTCSomosTodos #investigaci贸n #curiosidades #IA #investigaci贸n #data #datos #basededatos #videojuegos #programacion #computaci贸n",2024-03-20 08:03:00,2024,03,20,08:03,https://www.facebook.com/GrupoGALASH/posts/pfbid02B8mqaXM7k84CZWvx7DRrZctcD2T869RpDj1yg5SrPHrvzqBeGdHfYfLeS4ESMWAxl,Foto,35,4.0,36.0,16,1,15,0,13.0,2024,3,March,March 2024
Actualizaci贸n de estado,No tiene descripci贸n,2024-03-22 13:03:00,2024,03,22,13:03,https://www.facebook.com/GrupoGALASH/posts/pfbid02MMTU4QJ21NvYdqbqx6ffKGSEcdjr4vUq1YRr51nQSJgtWA6hFEz1ys3mPicokdMAl,Foto,20,0.0,20.0,11,0,11,0,11.0,2024,3,March,March 2024
Actualizaci贸n de estado,No tiene descripci贸n,2024-03-22 13:03:00,2024,03,22,13:03,https://www.facebook.com/GrupoGALASH/posts/pfbid024ZCC4QJa2AQRKXNNbBBDmJSuHXSqXLcHCJ1saaGqQUovk5mMsxrB7EXZMojZs66zl,Video,18,0.0,20.0,12,0,12,0,12.0,2024,3,March,March 2024
Actualizaci贸n de estado,No tiene descripci贸n,2024-03-22 13:03:00,2024,03,22,13:03,https://www.facebook.com/GrupoGALASH/posts/pfbid02fvbYfKFAWooTwF7QuYesnYw2g8FoZy8Zo6fFGUUeUDQ5sqUSWuHMqZnBjR3ALdq1l,Foto,36,1.0,46.0,12,0,12,0,12.0,2024,3,March,March 2024
Actualizaci贸n de estado,No tiene descripci贸n,2024-03-22 13:03:00,2024,03,22,13:03,https://www.facebook.com/GrupoGALASH/posts/pfbid024xg1vjw1nDiU5TXHi98Yza1fQBvnLV4STFoHphe3d2owMwefT3KseWX5pgg5P4d8l,Foto,31,0.0,42.0,13,1,12,0,12.0,2024,3,March,March 2024
No tiene T铆tulo,"Curiosidades #13

Grupo de investigaci贸n Galash
S铆guenos en nuestra redes sociales:
Facebook: facebook.com/GrupoGALASH/
Instagram: instagram.com/grupogalash/
Twitter: twitter.com/GrupoGalash
linkedin: linkedin.com/in/galash-grupo-de-investigaci贸n

Grupo de investigaci贸n GALASH
#UPTC #uptcsogamoso #UPTCSomosTodos #investigaci贸n #curiosidades #IA #investigaci贸n #data #datos #basededatos #videojuegos #programacion 
#computacion",2024-03-25 08:03:00,2024,03,25,08:03,https://www.facebook.com/GrupoGALASH/posts/pfbid02j6qKTDUxg9Cta34EmmDeJuxWp2P9TrecEsuVsJJWExPD342zd5P2FvxspifnGxvYl,Foto,38,1.0,45.0,12,1,11,0,12.0,2024,3,March,March 2024
No tiene T铆tulo,"驴Sab铆as qu茅? #14

Grupo de investigaci贸n Galash
S铆guenos en nuestra redes sociales:
Facebook: facebook.com/GrupoGALASH/
Instagram: instagram.com/grupogalash/
Twitter: twitter.com/GrupoGalash
linkedin: linkedin.com/in/galash-grupo-de-investigaci贸n

Grupo de investigaci贸n GALASH
#UPTC #uptcsogamoso #UPTCSomosTodos #investigaci贸n #curiosidades #IA #investigaci贸n #data #datos #basededatos #videojuegos #programacion #computaci贸n",2024-03-27 08:03:00,2024,03,27,08:03,https://www.facebook.com/GrupoGALASH/posts/pfbid0vzw6s6YzUQd66kSo2JuqAUFW8tAZLJNnaZuMbEftersksFvsacGijYkcXJbgccgnl,Foto,38,0.0,42.0,13,3,10,0,9.0,2024,3,March,March 2024
Actualizaci贸n de estado,No tiene descripci贸n,2024-03-27 18:03:00,2024,03,27,18:03,https://www.facebook.com/GrupoGALASH/posts/pfbid029BrHkxx9oziZw2grPv4ssXxgx9hN6CBquWkFjDqDN1C3x9gcZYrnpJzgNrH5Pa8ul,Foto,23,0.0,24.0,11,2,9,0,9.0,2024,3,March,March 2024
Actualizaci贸n de estado,No tiene descripci贸n,2024-03-27 18:03:00,2024,03,27,18:03,https://www.facebook.com/GrupoGALASH/posts/pfbid02BGXZkuw7fBg3bHjx2vTJ8RcGhGifqC9GKRt7mTiUjbYKPZ825D6g9ANUCxPqePAZl,Foto,25,1.0,26.0,12,2,10,0,10.0,2024,3,March,March 2024
Actualizaci贸n de estado,No tiene descripci贸n,2024-03-27 18:03:00,2024,03,27,18:03,https://www.facebook.com/GrupoGALASH/posts/pfbid07G27oRMzkTY45S2tc39n6p5k8aHTzkkhJM3aHw7cedWJrTAqvnXpw3geidpM48qil,Foto,23,2.0,24.0,13,2,11,0,13.0,2024,3,March,March 2024
No tiene T铆tulo,"Frases! 

S铆guenos en nuestra redes sociales:
Facebook: facebook.com/GrupoGALASH/
Instagram: instagram.com/grupogalash/
Twitter: twitter.com/GrupoGalash
linkedin: linkedin.com/in/galash-grupo-de-investigaci贸n

Grupo de investigaci贸n GALASH
#UPTC #uptcsogamoso #UPTCSomosTodos #investigaci贸n #curiosidades #frases #investigaci贸n #piesapositivo #Innovaci贸nTecnol贸gica ",2024-03-01 07:03:00,2024,03,01,07:03,https://www.facebook.com/GrupoGALASH/posts/pfbid02QFRSp75PqYyvjKTGA2e7ACzArnDJzJgTxJd3v4PDnt6FG7y2BMzwB6tFVHFEhTb2l,Foto,49,3.0,57.0,18,1,17,0,14.0,2024,3,March,March 2024
Actualizaci贸n de estado,No tiene descripci贸n,2024-03-01 08:03:00,2024,03,01,08:03,https://www.facebook.com/GrupoGALASH/posts/pfbid0MjQhUMtt3AvkKviQGyxVgtzAbEVbepk48Y9jCpKGoDw3aPVWseNSkx4t9sYFzwJ9l,Foto,47,2.0,54.0,12,1,11,0,13.0,2024,3,March,March 2024
Actualizaci贸n de estado,No tiene descripci贸n,2023-11-08 07:11:00,2023,11,08,07:11,https://www.facebook.com/GrupoGALASH/posts/pfbid0FDsPgW8tpxgSvo3Tfjnq1VD1vWBTbsAPB4z7Pxhc23vrjoXkRNcUcRx7Cy1EF4Pql,Foto,136,4.0,162.0,11,0,11,0,14.0,2023,11,November,November 2023
No tiene T铆tulo,"驴Sab铆as qu茅? #1

Grupo de investigaci贸n GALASH 
#UPTC #uptcsogamoso #UPTCSomosTodos #investigaci贸n 
Grupo de investigaci贸n Galash",2023-11-15 19:11:00,2023,11,15,19:11,https://www.facebook.com/GrupoGALASH/posts/pfbid035YkFKz9dqhvrYpfjm7LB9MKHJP72vFXRdTsWjuCyWtWFjNE984ka37ud7bKy4NCFl,Foto,94,2.0,116.0,14,0,14,0,15.0,2023,11,November,November 2023
Actualizaci贸n de estado,"#uptcsogamoso, se disfrut贸 de la Exposici贸n Art铆stica ""Hilos de Vida""

#BienestarUniversitario
#uptcsogamoso
#UPTCSomosTodos ",2023-11-16 18:11:00,2023,11,16,18:11,https://www.facebook.com/GrupoGALASH/posts/pfbid04bNwBgJE28mfWeCciSbqiWAcxUYgjEz4V2skgAxxwPrG3Y6yJ5ZiUcv5UzvngQorl,Foto,133,3.0,156.0,15,0,15,0,17.0,2023,11,November,November 2023
No tiene T铆tulo,"Curiosidades #1

Grupo de investigaci贸n GALASH
#UPTC #uptcsogamoso #UPTCSomosTodos #investigaci贸n
Grupo de investigaci贸n Galash",2023-11-20 07:11:00,2023,11,20,07:11,https://www.facebook.com/GrupoGALASH/posts/pfbid0vMaownS4yLsw1kb9jEYC4kGwA9JhZMDoYbPL3k9FJT3Nh1LEEE4iSv4gWHQDCpeql,Foto,91,11.0,106.0,16,0,16,0,20.0,2023,11,November,November 2023
Actualizaci贸n de estado,No tiene descripci贸n,2023-11-21 16:11:00,2023,11,21,16:11,https://www.facebook.com/GrupoGALASH/posts/pfbid034FcKxYth7zdMVsjdx1F3kobLoDQu6T3iPMyvjVjpJ77FbP4ZbU1fJWL98D1AuW78l,Foto,57,4.0,68.0,12,0,12,0,13.0,2023,11,November,November 2023
No tiene T铆tulo,"驴Sab铆as qu茅? #2

Grupo de investigaci贸n GALASH 
#UPTC #uptcsogamoso #UPTCSomosTodos #investigaci贸n #Videojuegos #gaming 
Grupo de investigaci贸n Galash",2023-11-22 07:11:00,2023,11,22,07:11,https://www.facebook.com/GrupoGALASH/posts/pfbid0291hBit81dZwyQopkUFzQDiy2SmRnXx1bdKDjnnj1EoCFfaduexyHi1zbXvNchxjyl,Foto,40,4.0,49.0,15,0,15,0,15.0,2023,11,November,November 2023
No tiene T铆tulo,"El Grupo de investigaci贸n Galash tiene el honor de invitar a la comunidad estudiantil a la presentaci贸n del trabajo de grado de Jimmy Alejandro Zea Guti茅rrez, estudiante de ingenier铆a de sistemas y computaci贸n de la seccional Sogamoso.
#UPTC #uptcsogamoso #UPTCSomosTodos",2023-11-22 17:11:00,2023,11,22,17:11,https://www.facebook.com/GrupoGALASH/posts/pfbid02rm6mGS73SYXD5qZeD1rxp7j377SSDHnKr9AaNFRCLHNMVfEk16cXaDFKx32iGr1Xl,Foto,864,120.0,977.0,66,4,51,11,109.0,2023,11,November,November 2023
Actualizaci贸n de estado,1ra Feria de Emprendimientos del Graduado.,2023-11-23 01:11:00,2023,11,23,01:11,https://www.facebook.com/GrupoGALASH/posts/pfbid0cJuy9R43UjwuUqyeKafbeBekm4Cv4eSmd51pFD9L41aPf3LR8Gz3afwU6UW2vYQWl,Foto,75,13.0,85.0,16,0,16,0,24.0,2023,11,November,November 2023
No tiene T铆tulo,"Con gran satisfacci贸n, concluimos la sustentaci贸n del proyecto de grado realizado por el estudiante Jimmy Alejandro Zea Guti茅rrez, perteneciente a la carrera de Ingenier铆a de Sistemas y Computaci贸n, con una calificaci贸n meritoria de 4.5.
Grupo de investigaci贸n Galash 
#UPTC #uptcsogamoso #UPTCSomosTodos #investigaci贸n",2023-11-23 07:11:00,2023,11,23,07:11,https://www.facebook.com/GrupoGALASH/posts/pfbid02gDxgXYFL8FG1pTYeNQPohx8JDLrhwoEQ7y3fGmQG3ALYfswYMmnz5RcFr45iy73hl,Foto,93,229.0,116.0,36,2,34,0,133.0,2023,11,November,November 2023
No tiene T铆tulo,"隆Agradecemos a cada uno de ustedes por su invaluable apoyo! Hoy nos llena de alegr铆a celebrar la alcanzada cifra de 100 seguidores en Facebook. Este logro nos impulsa a redoblar esfuerzos para mejorar y construir una comunidad a煤n m谩s s贸lida. Estamos comprometidos a ofrecer contenido de calidad y a crear un espacio donde todos puedan participar y contribuir. 隆Gracias por ser parte de este emocionante viaje! 隆Vamos por m谩s! 

#UPTC #uptcsogamoso #UPTCSomosTodos #investigaci贸n",2023-11-23 10:11:00,2023,11,23,10:11,https://www.facebook.com/GrupoGALASH/posts/pfbid02RYfhZk67VAS79nWP7e7293Ps7DrGfBzW73bw9TGXsEinJGigSWErhHSXc8wzLZkbl,Foto,84,6.0,106.0,20,1,18,1,17.0,2023,11,November,November 2023
Actualizaci贸n de estado,No tiene descripci贸n,2023-11-23 10:11:00,2023,11,23,10:11,https://www.facebook.com/GrupoGALASH/posts/pfbid0gBzj77ZYr823R9WKpiiitC6NLqYyYkavP2LGeWyn57DZP76Ub2s8qQ4tmwLcVSvgl,Foto,85,8.0,98.0,13,0,13,0,17.0,2023,11,November,November 2023
No tiene T铆tulo,"隆Celebremos juntos el D铆a del Ingeniero de Sistemas!
En este D铆a del Ingeniero de Sistemas, aplaudimos la mente maestra detr谩s de la magia digital. Gracias por tejer la tecnolog铆a que conecta nuestros mundos. 隆El Grupo de investigaci贸n Galash desea un feliz d铆a a todos los ingenieros de sistemas que hacen posible lo imposible cada d铆a! 
#FelizDiaDelIngenieroDeSistemas #D铆aDelIngenieroDeSistemas #UPTC #uptcsogamoso #UPTCSomosTodos",2023-11-24 13:11:00,2023,11,24,13:11,https://www.facebook.com/GrupoGALASH/posts/pfbid0AutTsqBsdSr2vYqGAkEBm2HtX2KJogJEHUbnWDBgCbuZnYnq6vcwui81vMn8VJbDl,Foto,43,11.0,57.0,21,1,20,0,18.0,2023,11,November,November 2023
Actualizaci贸n de estado,No tiene descripci贸n,2023-11-26 12:11:00,2023,11,26,12:11,https://www.facebook.com/GrupoGALASH/posts/pfbid0bChSd1dTkmUYHxvZ51ebXZBH4xzwrSwGmnsXW6Y9PsTWQ58QWwWXN9PjuEBzvzyMl,Foto,66,0.0,77.0,13,0,13,0,13.0,2023,11,November,November 2023
Actualizaci贸n de estado,No tiene descripci贸n,2023-11-27 10:11:00,2023,11,27,10:11,https://www.facebook.com/GrupoGALASH/posts/pfbid0aWcpZsHGtDNwB4KnsH85GG8B5kp8iGAa3MPCv3rWE8dJifcyXDX4dbQ1QReozGhel,Foto,64,2.0,74.0,12,0,12,0,13.0,2023,11,November,November 2023
No tiene T铆tulo,"Curiosidades #2

Grupo de investigaci贸n Galash 
S铆guenos en nuestra redes sociales: 
Facebook: facebook.com/GrupoGALASH/
Instagram: instagram.com/grupogalash/
Twitter: twitter.com/GrupoGalash
linkedin: linkedin.com/in/galash-grupo-de-investigaci贸n

Grupo de investigaci贸n GALASH
#UPTC #uptcsogamoso #UPTCSomosTodos #investigaci贸n #AJEDRES #IA #investigaci贸n #computador #computadoras",2023-11-27 10:11:00,2023,11,27,10:11,https://www.facebook.com/GrupoGALASH/posts/pfbid02PHWKP71gg4wZaXQnwLpVg214kg6LpV7uzgZwwiAteFBdSRfTSgAufeHPpoBhgenAl,Foto,39,7.0,49.0,16,0,16,0,17.0,2023,11,November,November 2023
No tiene T铆tulo,"隆Hoy comienza el Vivero Virtual Uniandes para el aprendizaje XR!  Estamos emocionados de contar con la participaci贸n de los estudiantes del grupo de investigaci贸n GALASH de la UPTC.  

@viverovirtual_uniandes Vivero Virtual Uniandes 
#AprendizajeXR #Innovaci贸nEducativa #UniandesVR #UPTC #UPTCSomosTodos #uptcsogamoso #UNIANDES #investigaci贸n",2023-11-28 09:11:00,2023,11,28,09:11,https://www.facebook.com/GrupoGALASH/posts/pfbid0pYTBE9Zo6SsfkqdXKxhBK3DBL18qsSkRDWvg8Rp7cVxdP7M5dqg4WzrUibEVbrJul,Foto,182,90.0,221.0,30,2,28,0,60.0,2023,11,November,November 2023
No tiene T铆tulo,"驴Sab铆as qu茅? #3

Grupo de investigaci贸n Galash 
S铆guenos en nuestra redes sociales:
Facebook: facebook.com/GrupoGALASH/
Instagram: instagram.com/grupogalash/
Twitter: twitter.com/GrupoGalash
linkedin: linkedin.com/in/galash-grupo-de-investigaci贸n

Grupo de investigaci贸n GALASH
#UPTC #uptcsogamoso #UPTCSomosTodos #investigaci贸n #BigData  #IA #investigaci贸n  #data #datos #basededatos #sql #MySQL",2023-11-29 05:11:00,2023,11,29,05:11,https://www.facebook.com/GrupoGALASH/posts/pfbid0CGJQjM64CRY6WmnH7vyfdRmDjMnwrRbJZx3WGbuvryo8YpjYsCzSmsJooa1ViWfDl,Foto,52,2.0,65.0,20,1,19,0,18.0,2023,11,November,November 2023
No tiene T铆tulo,"隆Continuamos con el Vivero Virtual Uniandes para el aprendizaje XR!  En donde los primeros d铆as se ha contado con charlas y experiencias enriquecedoras con cascos de realidad virtual! Estamos muy felices de poder participar en estas actividades モ锔

Vivero Virtual Uniandes 
Grupo de investigaci贸n Galash 

#GALASH #GALASHUPTC #AprendizajeXR #Innovaci贸nEducativa #UniandesVR #UPTC #UPTCSomosTodos #uptcsogamoso #UNIANDES #investigaci贸n",2023-11-29 06:11:00,2023,11,29,06:11,https://www.facebook.com/GrupoGALASH/posts/pfbid0HB1cGU3QcoEL1Ab9Ae6ZSuL8MPra6Ak6hQbopi9obPRHDbHXDFrmX388Mic3D6XKl,Foto,56,36.0,72.0,29,1,28,0,35.0,2023,11,November,November 2023
No tiene T铆tulo,"Camila Valderrama nos cuenta su experiencia en el campamento virtual de la Universidad de los Andes! 

Tomado de: @[100086579619980:2048:Vivero Virtual Uniandes] 

@[100094699249442:2048:Grupo de investigaci贸n Galash] 
#AprendizajeXR #Innovaci贸nEducativa #UniandesVR #UPTC #UPTCSomosTodos #uptcsogamoso #UNIANDES #investigaci贸n",2023-11-29 06:11:00,2023,11,29,06:11,https://www.facebook.com/GrupoGALASH/posts/pfbid0bwwoeW9KEKLDKDyva37dwWJC4DuKSq5PuAVn5Zyb7ENtFYByEk2S53pGJ9RiQMyUl,Video,65,11.0,82.0,27,2,25,0,29.0,2023,11,November,November 2023
No tiene T铆tulo,"El d铆a de ayer culmin贸 con 茅xito el tercer d铆a del @[100086579619980:2048:Vivero Virtual Uniandes]! En donde estudiantes del Grupo de investigaci贸n #Galash de la @[100057013612203:2048:UPTC - Facultad Seccional Sogamoso] participan, se llevaron a cabo actividades de interacci贸n con el #Metaverso y realidad virtual!

#AprendizajeXR #Innovaci贸nEducativa #UniandesVR #UPTC #UPTCSomosTodos #uptcsogamoso #UNIANDES #investigaci贸n",2023-11-30 08:11:00,2023,11,30,08:11,https://www.facebook.com/GrupoGALASH/posts/pfbid02tXKb1NBCEgBuesr4KZ6adQTidcGZ7NdRuhfagA59b7M1Zf8syr6UPrXhP6eh317nl,Video,72,2.0,86.0,26,1,25,0,21.0,2023,11,November,November 2023
No tiene T铆tulo,"El d铆a de ayer culmin贸 con 茅xito el tercer d铆a del @[100086579619980:2048:Vivero Virtual Uniandes] ! En donde estudiantes del Grupo de investigaci贸n #Galash de la @[100057013612203:2048:UPTC - Facultad Seccional Sogamoso]   participan, se llevaron a cabo actividades de interacci贸n con el #Metaverso y realidad virtual!

#AprendizajeXR #Innovaci贸nEducativa #UniandesVR #UPTC #UPTCSomosTodos #uptcsogamoso #UNIANDES #investigaci贸n",2023-11-30 08:11:00,2023,11,30,08:11,https://www.facebook.com/GrupoGALASH/posts/pfbid02RFJZhX5wskwYGRsBXDKu2NXcSYHAAjPCAC86VSPHgYKKBDUcEcGuyJjd1ipqRBwFl,Video,56,1.0,70.0,24,1,23,0,18.0,2023,11,November,November 2023
No tiene T铆tulo,"A esta hora se realiza la pr谩ctica en escenario inmersivos de ConectaTE en el Vivero Virtual Uniandes!火

#AprendizajeXR #Innovaci贸nEducativa #UniandesVR #UPTC #UPTCSomosTodos #uptcsogamoso #UNIANDES #investigaci贸n",2023-11-30 09:11:00,2023,11,30,09:11,https://www.facebook.com/GrupoGALASH/posts/pfbid0RiPW71ADYLMVwKhM1MdT7f5KwBnPnStPyXnp5fqgmeuanR7XaTsHKrE2zseRaAgXl,Foto,101,41.0,122.0,23,1,22,0,33.0,2023,11,November,November 2023
Actualizaci贸n de estado,No tiene descripci贸n,2023-11-30 10:11:00,2023,11,30,10:11,https://www.facebook.com/GrupoGALASH/posts/pfbid0KvgDN171jWYXor17TgjmeALPxBExFBQRxqkhphLD4KbkxEXH7BtGeKzBSJoYHz2Vl,Video,54,3.0,62.0,18,0,18,0,19.0,2023,11,November,November 2023
Fotos de la biograf铆a,No tiene descripci贸n,2023-11-30 10:11:00,2023,11,30,10:11,https://www.facebook.com/GrupoGALASH/posts/pfbid0yFYmGFaLxwEeRWZ4hrSP474XSD87dkGaqjnwbousbLtv8qqis996ygoUW679Hjy8l,Foto,71,9.0,79.0,14,0,14,0,22.0,2023,11,November,November 2023
No tiene T铆tulo,No tiene descripci贸n,2023-11-03 16:11:00,2023,11,03,16:11,https://www.facebook.com/photo.php?fbid=182209248279049&set=a.110539948779313&type=3,Foto,1,0.0,1.0,18,0,18,0,,2023,11,November,November 2023
Actualizaci贸n de estado,No tiene descripci贸n,2023-11-07 16:11:00,2023,11,07,16:11,https://www.facebook.com/GrupoGALASH/posts/pfbid0Woh7mnKi1iTRwaYYzossdnYpzUEmWhPN4h3f3ubYfymfM8u8DGQJzfwwg2nypkizl,Foto,113,0.0,132.0,12,0,12,0,12.0,2023,11,November,November 2023
Actualizaci贸n de estado,No tiene descripci贸n,2023-10-04 22:10:00,2023,10,04,22:10,https://www.facebook.com/GrupoGALASH/posts/pfbid0T9ppZqn2pKgK4Vbqva7A9LcGKRaHZ3fDHDX54cup2KaVxbkG3VrmABVkGmXfxuRPl,Foto,83,1.0,108.0,11,0,11,0,11.0,2023,10,October,October 2023
Actualizaci贸n de estado,No tiene descripci贸n,2023-10-04 22:10:00,2023,10,04,22:10,https://www.facebook.com/GrupoGALASH/posts/pfbid02JUh95hB4YdktwxTT9xb9LUKUHoCefnjWr4qHEvBQjGgGqWcWXywkb3PmP4gwvUBPl,Foto,109,2.0,138.0,13,0,13,0,13.0,2023,10,October,October 2023
No tiene T铆tulo,"El Grupo de investigaci贸n Galash tiene el honor de invitar a la comunidad estudiantil a la presentaci贸n del trabajo de grado del estudiante Yessid Esteban Duarte Prieto, estudiante de ingenier铆a de sistemas y computaci贸n de la seccional Sogamoso.
#UPTC #uptcsogamoso #UPTCSomosTodos",2023-10-17 18:10:00,2023,10,17,18:10,https://www.facebook.com/GrupoGALASH/posts/pfbid02DenePVRnyY7xXSSQVVB8NptfHUqAcXM2UWt9Q1wT1qPQ5Hc6GNNFxZXk4NADVvjEl,Foto,113,7.0,145.0,20,1,19,0,20.0,2023,10,October,October 2023
Sustentaci贸n trabajo de grado,"Sustentaci贸n trabajo de grado 
Yesid Esteban Duarte Prieto",2023-10-24 07:10:00,2023,10,24,07:10,https://www.facebook.com/GrupoGALASH/videos/165621823288378/,Video en vivo,551,,,38,1,34,3,,2023,10,October,October 2023
No tiene T铆tulo,"Con gran satisfacci贸n, concluimos la sustentaci贸n del proyecto de grado realizado por el estudiante Yessid Esteban Duarte Prieto, perteneciente a la carrera de Ingenier铆a de Sistemas y Computaci贸n, con una calificaci贸n aprobatoria de 4.5.",2023-10-24 09:10:00,2023,10,24,09:10,https://www.facebook.com/GrupoGALASH/posts/pfbid02yPX8B4Qq9HhZaeeJi9wdLK9Wdzz9itBgh6XQSyMwB2KtYDSA1EnMSTpLjSbFqvZVl,Foto,125,27.0,162.0,16,1,15,0,22.0,2023,10,October,October 2023
Sustentaci贸n trabajo de grado para optar al t铆tulo de ingeniero de sistemas y computaci贸n,"TCNICAS DE PROCESAMIENTO DE LENGUAJE NATURAL (PLN) PARA LA CATEGORIZACIN E INTEGRACIN DE COLUMNAS DE OPININ CONTENIDAS EN PGINAS WEB.

Por el estudiante Jorge Alexander Acevedo Castiblanco",2023-10-02 08:10:00,2023,10,02,08:10,https://www.facebook.com/GrupoGALASH/videos/845775080544345/,Video en vivo,156,,,57,2,50,5,,2023,10,October,October 2023
Actualizaci贸n de estado,No tiene descripci贸n,2023-10-04 22:10:00,2023,10,04,22:10,https://www.facebook.com/GrupoGALASH/posts/pfbid0dwpMNJH6PciTkHy9e9spp1jswfp6JcUqu2guDaWavcrTLEq7AGfrcYmdVyc37HYzl,Foto,75,3.0,96.0,11,0,11,0,11.0,2023,10,October,October 2023
Actualizaci贸n de estado,No tiene descripci贸n,2023-09-25 07:09:00,2023,09,25,07:09,https://www.facebook.com/GrupoGALASH/posts/pfbid02h1cNYFj8BbXo1qELHefWtgHu7LysCL357pUMY4tDp9qxcQdP2ZeYo7GLpXzQJdTLl,Foto,53,3.0,65.0,8,0,8,0,11.0,2023,9,September,September 2023
Actualizaci贸n de estado,No tiene descripci贸n,2023-09-27 07:09:00,2023,09,27,07:09,https://www.facebook.com/GrupoGALASH/posts/pfbid02w46i4WuC8JxT6e4rzii4TcD3aGrXMTprCVbTU1jhhQ9bP6eHQHUUHrzyK4ESLvaFl,Video,52,0.0,69.0,10,0,10,0,10.0,2023,9,September,September 2023
No tiene T铆tulo,"El Grupo de investigaci贸n Galash tiene el honor de invitar a la comunidad estudiantil a la presentaci贸n del trabajo de grado del estudiante Jorge Alexander Acevedo Castiblanco, estudiante de ingenier铆a de sistemas y computaci贸n de la seccional Sogamoso.

#UPTC #uptcsogamoso #UPTCSomosTodos",2023-09-28 16:09:00,2023,09,28,16:09,https://www.facebook.com/GrupoGALASH/posts/pfbid0pyF1gvFXzkHvxezNma3y2EpHJ3gtGNrRL53stDuoW18BjErgrEX2Z72fLGkvEF5Cl,Foto,56,1.0,76.0,14,0,14,0,14.0,2023,9,September,September 2023
Actualizaci贸n de estado,No tiene descripci贸n,2023-09-29 14:09:00,2023,09,29,14:09,https://www.facebook.com/GrupoGALASH/posts/pfbid02BKNEGwv9xP16hW23Hkejq33gQZLSDXrW4yTonTCetzsJMwj3hXH9LQTHwirqCLYYl,Foto,62,1.0,83.0,10,0,10,0,11.0,2023,9,September,September 2023
Actualizaci贸n de estado,No tiene descripci贸n,2023-09-19 13:09:00,2023,09,19,13:09,https://www.facebook.com/GrupoGALASH/posts/pfbid036JkvbfJoyUqnsoRBBAFV8rvCwnGDak5ezfRHba28t6DLjHaUAhNzxg9VXK7hnbVrl,Foto,41,0.0,49.0,8,0,8,0,8.0,2023,9,September,September 2023
Actualizaci贸n de estado,No tiene descripci贸n,2023-09-19 13:09:00,2023,09,19,13:09,https://www.facebook.com/GrupoGALASH/posts/pfbid032wpNrfTzzaTwR9hbzY8BfRBrLaFUZdarutNfdKhnqqnpr7MjiUvJooapLfnNYdxel,Foto,47,0.0,56.0,9,0,9,0,9.0,2023,9,September,September 2023
